S. No.,AISHE Code,Institute Name,State Name,Management Type
1,U-0961,"ALL INDIA INSTITUTE OF MEDICAL SCIENCES, MANGALAGIRI",Andhra Pradesh,Central Government
2,S-19106,CENTRAL INSTITUTE OF PLASTICS ENGINEERING AND TECHNOLOGY VIJAYAWADA,Andhra Pradesh,Central Government
3,U-1226,CENTRAL TRIBAL UNIVERSITY,Andhra Pradesh,Central Government
4,U-0976,CENTRAL UNIVERSITY OF ANDHRA PRADESH,Andhra Pradesh,Central Government
5,U-0863,"Indian Institute of Information Technology Design And Manufacturing, Kurnool",Andhra Pradesh,Central Government
6,U-0760,"INDIAN INSTITUTE OF INFORMATION TECHNOLOGY, CHITTOOR",Andhra Pradesh,Central Government
7,U-1007,Indian Institute of Management Visakhapatnam,Andhra Pradesh,Central Government
8,U-0944,INDIAN INSTITUTE OF PETROLEUM & ENERGY,Andhra Pradesh,Central Government
9,U-0827,"Indian Institute of Science Education & Research (IISER), Tirupati",Andhra Pradesh,Central Government
10,U-0844,"Indian Institute of Technology, Tirupati",Andhra Pradesh,Central Government
11,S-574,INDIAN INSTITUTE OF TOURISM AND TRAVEL MANAGEMENT,Andhra Pradesh,Central Government
12,C-61032,"INDIAN MARITIME UNIVERSITY, VISAKHAPATNAM",Andhra Pradesh,Central Government
13,S-19404,MSME TECHNOLOGY CENTRE,Andhra Pradesh,Central Government
14,U-1192,NATIONAL INSTITUTE OF DESIGN ANDHRA PRADESH,Andhra Pradesh,Central Government
15,U-0855,"NATIONAL INSTITUTE OF TECHNOLOGY, ANDHRA PRADESH",Andhra Pradesh,Central Government
16,U-0030,"National Sanskrit University , Tirupati",Andhra Pradesh,Central Government
17,U-0627,School of Planning and Architecture Vijayawada,Andhra Pradesh,Central Government
18,U-0615,National Institute of Technology Arunachal Pradesh,Arunachal Pradesh,Central Government
19,U-0046,"North Eastern Regional Institute of Science & Technology, Papum Pare, Itanagar",Arunachal Pradesh,Central Government
20,U-0047,"Rajiv Gandhi University, Itanagar",Arunachal Pradesh,Central Government
21,U-1107,"ALL INDIA INSTITUTE OF MEDICAL SCIENCES, GUWAHATI",Assam,Central Government
22,U-0050,"Assam University, Silchar",Assam,Central Government
23,S-681,CENTRAL INSTITUTE OF PETROCHEMICALS ENGINEERING & TECHNOLOGY:CENTRE FOR SKILLING AND TECHNICAL SUPPORT-GUWAHATI,Assam,Central Government
24,U-1067,CENTRAL INSTITUTE OF TECHNOLOGY,Assam,Central Government
25,C-17139,F.A. Ahmed College,Assam,Central Government
26,S-19477,INDIAN INSTITUTE OF HANDLOOM TECHNOLOGY GUWAHATI,Assam,Central Government
27,U-0795,"INDIAN INSTITUTE OF INFORMATION TECHNOLOGY, GUWAHATI",Assam,Central Government
28,U-0053,Indian Institute of Technology Guwahati,Assam,Central Government
29,U-1045,"NATIONAL INSTITUTE OF DESIGN, ASSAM",Assam,Central Government
30,C-66301,NATIONAL INSTITUTE OF ELECTRONICS AND INFORMATION TECHNOLOGY GUWAHATI,Assam,Central Government
31,U-1316,National Institute of Pharmaceutical Education and Research Guwahati,Assam,Central Government
32,U-0055,National Institute of Technology Silchar,Assam,Central Government
33,C-64696,NORTH EASTERN REGIONAL INSTITUTE OF WATER AND LAND MANAGEMENT,Assam,Central Government
34,U-0056,"Tezpur University, Tezpur",Assam,Central Government
35,U-0686,All India Institute of Medical Sciences Patna,Bihar,Central Government
36,U-0062,Central University of South Bihar,Bihar,Central Government
37,C-10243,"College of Agricultural Engineering,Pusa",Bihar,Central Government
38,U-0075,Dr Rajendra Prasad Central Agricultural University,Bihar,Central Government
39,C-69114,EMPLOYEES STATE INSURANCE MEDICAL COLLEGE,Bihar,Central Government
40,U-0953,INDIAN INSTITUTE OF INFORMATION TECHNOLOGY BHAGALPUR,Bihar,Central Government
41,U-1006,Indian Institute of Management Bodh Gaya,Bihar,Central Government
42,U-0064,Indian Institute of Technology Patna,Bihar,Central Government
43,U-0835,"Mahatma Gandhi Central University, Motihari",Bihar,Central Government
44,U-0710,NALANDA UNIVERSITY,Bihar,Central Government
45,C-47479,"NATIONAL INSTITUTE OF FASHION TECHNOLOGY, PATNA",Bihar,Central Government
46,U-1116,National Institute Of Pharmaceutical Education And Research Hajipur,Bihar,Central Government
47,U-0072,"National Institute of Technology, Patna",Bihar,Central Government
48,U-0073,"Nava Nalanda Mahavihara, Nalanda",Bihar,Central Government
49,S-18386,INDO SWISS TRAINING CENTRE,Chandigarh,Central Government
50,U-1332,National Institute of Technical Teacher Training & Research Chandigarh,Chandigarh,Central Government
51,U-0079,Post Graduate Institute of Medical Education and Research,Chandigarh,Central Government
52,U-0690,All India Institute of Medical Sciences Raipur,Chhattisgarh,Central Government
53,C-59735,CENTRAL INSTITUTE OF PETROCHEMICALS ENGINEERING & TECHNOLOGY (CIPET) - RAIPUR,Chhattisgarh,Central Government
54,S-18127,CENTRAL INSTITUTE OF PETROCHEMICALS ENGINEERING AND TECHNOLOGY KORBA,Chhattisgarh,Central Government
55,U-0085,Guru Ghasidas Vishwavidyalaya,Chhattisgarh,Central Government
56,U-1017,Indian Institute of Management Raipur,Chhattisgarh,Central Government
57,U-0946,Indian Institute of Technology Bhilai,Chhattisgarh,Central Government
58,U-0092,"National Institute of Technology, Raipur",Chhattisgarh,Central Government
59,C-60556,All India Institute of Ayurveda,Delhi,Central Government
60,U-0096,All India Institute of Medical Sciences Delhi,Delhi,Central Government
61,C-22462,Atma Ram Sanatan Dharm College,Delhi,Central Government
62,U-0115,Central Sanskrit University,Delhi,Central Government
63,C-60280,"College of Nursing,  Army Hospital (RR)",Delhi,Central Government
64,C-32834,"College of Nursing,Dr. Ram Manohar Lohia Hospital",Delhi,Central Government
65,C-32925,"College of Nursing,Safdarjang Hospital",Delhi,Central Government
66,C-6409,Deshbandhu College,Delhi,Central Government
67,C-27613,Dyal Singh College (Evening),Delhi,Central Government
68,C-32907,ESIC Dental College,Delhi,Central Government
69,C-6429,Gargi College,Delhi,Central Government
70,C-6425,Hans Raj College,Delhi,Central Government
71,U-0101,Indian Agricultural Research Institute,Delhi,Central Government
72,U-0102,Indian Institute of Foreign Trade,Delhi,Central Government
73,U-1340,"INDIAN INSTITUTE OF MASS COMMUNICATION, NEW DELHI",Delhi,Central Government
74,U-0100,Indian Institute of Technology Delhi,Delhi,Central Government
75,U-0103,Indian Law Institute,Delhi,Central Government
76,S-21107,INDIAN SIGN LANGUAGE RESEARCH AND TRAINING CENTRE,Delhi,Central Government
77,U-0104,Indira Gandhi National Open University (IGNOU),Delhi,Central Government
78,U-0108,Jamia Millia Islamia,Delhi,Central Government
79,U-0109,Jawaharlal Nehru University,Delhi,Central Government
80,C-6402,Kalindi College,Delhi,Central Government
81,C-6381,Keshav Mahavidyalya,Delhi,Central Government
82,C-6385,Kirori Mal College,Delhi,Central Government
83,C-22461,Lady Hardinge Medical College,Delhi,Central Government
84,C-6355,Miranda House,Delhi,Central Government
85,U-1187,National Forensic Sciences University,Delhi,Central Government
86,U-0114,National Institute of Educational Planning & Administration,Delhi,Central Government
87,U-0110,"National Institute of Fashion Technology, Hauz Khas",Delhi,Central Government
88,U-0622,National Institute of Technology Delhi,Delhi,Central Government
89,U-0112,National Museum Institute of History of Art Conservation and Museology,Delhi,Central Government
90,C-6431,Ramanujan College,Delhi,Central Government
91,U-0116,School of Planning and Architecture New Delhi,Delhi,Central Government
92,C-6366,Shivaji College,Delhi,Central Government
93,U-0117,Shri Lal Bahadur Shastri National Sanskrit University,Delhi,Central Government
94,C-6419,Shri Ram College of Commerce,Delhi,Central Government
95,C-6372,Shyama Prasad Mukherji College for Women,Delhi,Central Government
96,U-0118,"South Asian University, New Delhi",Delhi,Central Government
97,C-6362,Sri Aurobindo College,Delhi,Central Government
98,C-22465,Sri Aurobindo College (Eve.),Delhi,Central Government
99,C-6369,Sri Venkateswara College,Delhi,Central Government
100,C-6404,Swami Shraddhanand College,Delhi,Central Government
101,C-6430,University College of Medical Sciences (NIRF Code (I-1409)),Delhi,Central Government
102,U-0120,University of Delhi,Delhi,Central Government
103,C-32922,Vardhman Mahavir Medical College & Safdarjung Hospital,Delhi,Central Government
104,C-6383,Zakir Husain Delhi College,Delhi,Central Government
105,C-68553,ALL INDIA INSTITUTE OF AYURVEDA,Goa,Central Government
106,U-0907,"Indian Institute of Technology, Goa",Goa,Central Government
107,C-70730,NATIONAL FORENSIC SCIENCES UNIVERSITY GOA CAMPUS,Goa,Central Government
108,C-30849,National Institute of Hydrography,Goa,Central Government
109,U-0620,National Institute of Technology Goa,Goa,Central Government
110,U-1191,ALL INDIA INSTITUTE OF MEDICAL SCIENCES,Gujarat,Central Government
111,C-323,"CENTRAL INSTITUE OF PLASTICS ENGG. & TECH., VATVA, AHMEDABAD 052 ",Gujarat,Central Government
112,C-50548,CENTRAL INSTITUTE OF PETROCHEMICALS ENGINEERING AND TECHNOLOGY,Gujarat,Central Government
113,U-0126,"Central Univeristy of Gujarat, Gandhinagar",Gujarat,Central Government
114,C-58647,Footwear Design and Development Institute - Bharuch,Gujarat,Central Government
115,U-0968,Gati Shakti Vishwavidyalaya,Gujarat,Central Government
116,U-0954,INDIAN INSTITUTE OF INFORMATION TECHNOLOGY SURAT,Gujarat,Central Government
117,U-0798,"INDIAN INSTITUTE OF INFORMATION TECHNOLOGY, VADODARA",Gujarat,Central Government
118,U-1016,Indian Institute of Management Ahmedabad,Gujarat,Central Government
119,U-0139,Indian Institute of Technology Gandhinagar,Gujarat,Central Government
120,C-39259,"Institute for Plasma Research (IPR),Gandhinagar",Gujarat,Central Government
121,S-18192,INSTITUTE OF HOTEL MANAGEMENT CATERING AND NUTRITION AHMEDABAD,Gujarat,Central Government
122,U-1274,INSTITUTE OF TEACHING AND RESEARCH IN AYURVEDA,Gujarat,Central Government
123,U-0593,NATIONAL FORENSIC SCIENCES UNIVERSITY,Gujarat,Central Government
124,U-1028,NATIONAL INSTITUTE OF DESIGN,Gujarat,Central Government
125,C-47471,"NATIONAL INSTITUTE OF FASHION TECHNOLOGY, GANDHINAGAR",Gujarat,Central Government
126,S-15086,National Institute of Occupational Health,Gujarat,Central Government
127,S-17498,National Institute of Pharmaceutical Education and Research Ahmedabad,Gujarat,Central Government
128,U-0595,"Rashtriya Raksha University, Gujarat",Gujarat,Central Government
129,U-0149,Sardar Vallabhbhai National Institute of Technology,Gujarat,Central Government
130,S-104,UDAYBHANSINHJI REGIONAL INSTITUTE OF CO-OPERATIVE MANAGEMENT,Gujarat,Central Government
131,S-932,CENTRAL INSTITUTE OF PETROCHEMICALS ENGINEERING &  TECHNOLOGY,Haryana,Central Government
132,U-0158,"Central University of Haryana, Mahendergarh",Haryana,Central Government
133,C-10775,"Desh Bandhu Gupta Govt. College, Panipat",Haryana,Central Government
134,C-56398,ESIC MEDICAL COLLEGE AND HOSPITAL,Haryana,Central Government
135,C-58648,Footwear Design and Development Institute - Rohtak,Haryana,Central Government
136,U-0171,ICAR - National Dairy Research Institute,Haryana,Central Government
137,U-0800,"INDIAN INSTITUTE OF INFORMATION TECHNOLOGY, SONIPAT",Haryana,Central Government
138,U-1015,Indian Institute of Management Rohtak,Haryana,Central Government
139,U-0170,"National Brain Research Centre, Gurgaon",Haryana,Central Government
140,S-117,NATIONAL COUNCIL FOR CEMENT AND BUILDING MATERIALS,Haryana,Central Government
141,U-1073,National Institute of Design Haryana,Haryana,Central Government
142,C-65740,NATIONAL INSTITUTE OF FASHION TECHNOLOGY PANCHKULA,Haryana,Central Government
143,U-0989,"National Institute of Food Technology, Enterprenurship and Management",Haryana,Central Government
144,U-0172,"National Institute of Technology, Kurukshetra",Haryana,Central Government
145,C-28262,"National Power Training Institute ,  Faridabad.",Haryana,Central Government
146,U-1055,REGIONAL CENTRE FOR BIOTECHNOLOGY,Haryana,Central Government
147,U-1218,ALL INDIA INSTITUTE OF MEDICAL SCIENCE,Himachal Pradesh,Central Government
148,C-11398,"Central Research Institute. Kasauli, Distt Solan",Himachal Pradesh,Central Government
149,U-0178,"Central University of Himachal Pradesh, Dharmshala, Kangra",Himachal Pradesh,Central Government
150,S-18693,CIPET  CSTS  BADDI,Himachal Pradesh,Central Government
151,U-0797,"INDIAN INSTITUTE OF INFORMATION TECHNOLOGY, UNA",Himachal Pradesh,Central Government
152,U-1005,Indian Institute of Management Sirmaur,Himachal Pradesh,Central Government
153,U-0184,Indian Institute of Technology Mandi,Himachal Pradesh,Central Government
154,U-0189,"National Institute of Technology, Hamirpur",Himachal Pradesh,Central Government
155,U-1152,ALL INDIA INSTITUTE OF MEDICAL SCIENCE,Jammu and Kashmir,Central Government
156,U-0631,CENTRAL UNIVERSITY OF JAMMU,Jammu and Kashmir,Central Government
157,U-0193,"Central University of Kashmir, Srinagar",Jammu and Kashmir,Central Government
158,C-47452,"COMPOSITE REGIONAL CENTRE, MINISTRY OF SOCIAL JUSTICE EMPOWERMENT, BEMINA",Jammu and Kashmir,Central Government
159,U-1004,Indian Institute of Management Jammu (IIMJ),Jammu and Kashmir,Central Government
160,U-0906,Indian Institute of Technology Jammu,Jammu and Kashmir,Central Government
161,S-20120,NATIONAL INSTITUTE OF FASHION TECHNOLOGY,Jammu and Kashmir,Central Government
162,U-0197,"National Institute of Technology, Srinagar",Jammu and Kashmir,Central Government
163,U-1057,ALL INDIA INSTITUTE OF MEDICAL SCIENCE DEOGHAR,Jharkhand,Central Government
164,C-45399,"B S K COLLEGE, SAHIBGANJ",Jharkhand,Central Government
165,C-43263,Central Institute of Psychiatry,Jharkhand,Central Government
166,U-0204,"Central University of Jharkhand, Ranchi",Jharkhand,Central Government
167,U-0840,"INDIAN INSTITUTE OF INFORMATION TECHNOLOGY, RANCHI",Jharkhand,Central Government
168,U-1003,Indian Institute of Management Ranchi,Jharkhand,Central Government
169,U-0205,Indian Institute of Technology (Indian School of Mines) Dhanbad,Jharkhand,Central Government
170,S-19407,INDO DANISH TOOL ROOM JAMSHEDPUR,Jharkhand,Central Government
171,U-1339,National Institute of Advanced Manufacturing Technology,Jharkhand,Central Government
172,U-0207,"National Institute of Technology, Jamshedpur",Jharkhand,Central Government
173,C-17415,"All India Institute of Speech and Hearing, Manasagangothri,Mysore",Karnataka,Central Government
174,U-0216,"Central University of Karnataka, Gulbarga",Karnataka,Central Government
175,C-56942,EMPLOYEES STATE INSURANCE CORPORATION COLLEGE OF NURSING  GULBARGA,Karnataka,Central Government
176,C-53596,"ESIC College of Nursing, Bangalore",Karnataka,Central Government
177,C-59392,"ESIC DENTAL COLLEGE, GULBARGA",Karnataka,Central Government
178,C-47410,"ESIC MEDICAL COLLEGE ?é?áAND POST GRADUATE INSTITUTE OF MEDICAL SCINECES AND RESEARCH, Bangalore",Karnataka,Central Government
179,U-1089,INDIAN INSTITUTE OF INFORMATION TECHNOLOGY RAICHUR,Karnataka,Central Government
180,U-0803,"INDIAN INSTITUTE OF INFORMATION TECHNOLOGY, DHARWAD",Karnataka,Central Government
181,U-1014,Indian Institute of Management Bangalore,Karnataka,Central Government
182,U-0220,"Indian Institute of Science, Bengaluru",Karnataka,Central Government
183,U-0899,"Indian Institute of Technology, Dharwad",Karnataka,Central Government
184,C-47329,"INSTITUTE OF AEROSPACE MEDICINE, BANGALORE",Karnataka,Central Government
185,U-0224,Jawaharlal Nehru Centre for Advanced Scientific Research,Karnataka,Central Government
186,C-47467,"National Institute of Fashion Technology (NIFT), Bengaluru",Karnataka,Central Government
187,U-0236,"National Institute of Mental Health and Neuro Sciences, Bangalore",Karnataka,Central Government
188,U-0237,"National Institute of Technology Karnataka, Surathkal",Karnataka,Central Government
189,C-22861,"Aligarh Muslim University, Malappuram Centre.",Kerala,Central Government
190,C-9479,"Central Institute of Fisheries, Nautical & Engineering Training (CIFNET)",Kerala,Central Government
191,C-52030,"Central Institute of Petrochemicals Engineering & Technology, Kochi (CIPET)",Kerala,Central Government
192,U-0252,"Central Univeristy of Kerala, Kasaragod",Kerala,Central Government
193,U-0802,"INDIAN INSTITUTE OF INFORMATION TECHNOLOGY, KOTTAYAM",Kerala,Central Government
194,U-1013,Indian Institute of Management Kozhikode,Kerala,Central Government
195,U-0254,"Indian Institute of Science Education & Research (IISER), Thiruvananthapuram",Kerala,Central Government
196,U-0255,"Indian Institute of Space Science and Technology, Thiruvananthapuram",Kerala,Central Government
197,U-0878,"Indian Institute of Technology, Palakkad",Kerala,Central Government
198,C-60553,NATIONAL HOMOEOPATHY RESEARCH INSTITUTE IN MENTAL HEALTH,Kerala,Central Government
199,U-0263,National Institute of Technology Calicut,Kerala,Central Government
200,S-21127,"NATIONAL POWER TRAINING INSTITUTE, ALAPPUZHA",Kerala,Central Government
201,U-0266,"Sree Chitra Tirunal Institute for Medical Sciences and Technology, Thiruvananthapuram",Kerala,Central Government
202,U-1025,CENTRAL INSTITUTE OF BUDDHIST STUDIES,Ladakh,Central Government
203,U-0687,All India Institute of Medical Sciences Bhopal,Madhya Pradesh,Central Government
204,U-0267,Atal Bihari Vajpayee Indian Institute of Information Technology and Management,Madhya Pradesh,Central Government
205,U-0271,"Dr. Harisingh Gaur  Vishwavidyalaya, Sagar",Madhya Pradesh,Central Government
206,C-58650,Footwear Design and Development Institute - Guna,Madhya Pradesh,Central Government
207,C-64662,HQ ONE SIGNAL TRAINING CENTRE,Madhya Pradesh,Central Government
208,U-1334,"INDIAN INSTITUTE OF FOREST MANAGEMENT, BHOPAL",Madhya Pradesh,Central Government
209,U-1193,INDIAN INSTITUTE OF INFORMATION TECHNOLOGY,Madhya Pradesh,Central Government
210,U-1012,Indian Institute of Management Indore,Madhya Pradesh,Central Government
211,U-0272,Indian Institute of Science Education and Research Bhopal,Madhya Pradesh,Central Government
212,U-0273,Indian Institute of Technology Indore,Madhya Pradesh,Central Government
213,U-0290,"Indira Gandhi National Tribal University, Amarkantak",Madhya Pradesh,Central Government
214,U-0277,"Lakshmibai National Institute of Physical Education, Gwalior",Madhya Pradesh,Central Government
215,U-0284,"Maulana Azad National Institute of Technology, Bhopal",Madhya Pradesh,Central Government
216,C-29758,"Military College of Telecommunication Engineering (MCTE), Mhow",Madhya Pradesh,Central Government
217,U-1094,NATIONAL INSTITUTE OF DESIGN (NID) MADHYA PRADESH,Madhya Pradesh,Central Government
218,U-1333,"NATIONAL INSTITUTE OF TECHNICAL TEACHERS TRAINING & RESEARCH, BHOPAL",Madhya Pradesh,Central Government
219,U-0286,"Pandhi Dwarka Prasad Mishra Indian Institute of Information Technology & Manufacturing , Jabalpur",Madhya Pradesh,Central Government
220,C-39256,"Raja Ramanna Centre for Advanced Technology (RRCAT),Indore",Madhya Pradesh,Central Government
221,U-0626,School of Planning and Architecture Bhopal,Madhya Pradesh,Central Government
222,C-13967,"Ali Yavar Jung National Institute of the Hearing  Handicapped, Mumbai",Maharashtra,Central Government
223,U-1051,ALL INDIA INSTITUTE OF MEDICAL SCIENCES NAGPUR,Maharashtra,Central Government
224,C-13849,"All India Institute of Physical Medicine & Rehabilitation, Haji Ali Park, K. Khadye Marg, Mahalaxmi, Mumbai 422 004",Maharashtra,Central Government
225,C-13844,Armed Force Medical College,Maharashtra,Central Government
226,C-39260,"Bhabha Atomic Research Centre (BARC), Mumbai",Maharashtra,Central Government
227,U-0293,"Central Institute of Fisheries Education, Fishries University",Maharashtra,Central Government
228,C-8316,College of Military Engineering,Maharashtra,Central Government
229,C-13845,"College of Nursing, INHS Asvinis College of Nursing (B.Sc.) INHS Asvini, Colaba, Mumbai",Maharashtra,Central Government
230,U-0297,Defence Institute of Advanced Technology,Maharashtra,Central Government
231,C-18279,"Dhananjayrao Gadgil Sahakari Prabandh Sansthan, New nandanvan",Maharashtra,Central Government
232,C-40057,Homi Bhabha Centre for Science Education,Maharashtra,Central Government
233,U-0304,Homi Bhabha National Institute,Maharashtra,Central Government
234,U-0841,"INDIAN INSTITUTE OF INFORMATION TECHNOLOGY, NAGPUR",Maharashtra,Central Government
235,U-0804,"INDIAN INSTITUTE OF INFORMATION TECHNOLOGY, PUNE",Maharashtra,Central Government
236,U-1283,Indian Institute of Management Mumbai,Maharashtra,Central Government
237,U-1018,Indian Institute of Management Nagpur,Maharashtra,Central Government
238,U-0305,Indian Institute of Science Education and Research Pune,Maharashtra,Central Government
239,U-0306,Indian Institute of Technology Bombay,Maharashtra,Central Government
240,C-61033,"INDIAN MARITIME UNIVERSITY, MUMBAI PORT ",Maharashtra,Central Government
241,C-60302,Indian Naval Ship Hamla,Maharashtra,Central Government
242,S-15087,Institute for Design of Electrical Measuring Instruments,Maharashtra,Central Government
243,C-34195,Institute for research in reproduction (indian council of medical research),Maharashtra,Central Government
244,C-60004,"INSTITUTE OF ENGINEERING AND TECHNOLOGY, NDA",Maharashtra,Central Government
245,U-0309,"International Institute for Population Sciences, Mumbai",Maharashtra,Central Government
246,U-0314,"Mahatama Gandhi Antarrashtriya Hindi Vishwavidyalaya, Wardha",Maharashtra,Central Government
247,C-18673,"National Fire Service College, Civil Lines",Maharashtra,Central Government
248,C-33642,"National Institute for the Mentally Handicapped Fkat Bi, B-102 Vasundhara CHS Plot No 13-14  Sector 8 Kharghar Navi Mumbai 410 210",Maharashtra,Central Government
249,C-47477,"NATIONAL INSTITUTE OF FASHION TECHNOLOGY, MUMBAI",Maharashtra,Central Government
250,U-0330,Tata Institute of Fundamental Research,Maharashtra,Central Government
251,C-39257,"Tata Memorial Centre (TMC),Mumbai",Maharashtra,Central Government
252,U-0334,Visvesvaraya National Institute of Technology Nagpur,Maharashtra,Central Government
253,U-0336,Central Agricultural University,Manipur,Central Government
254,C-48586,"COLLEGE OF NURSING, RIMS",Manipur,Central Government
255,C-48585,"DENTAL COLLEGE, RIMS",Manipur,Central Government
256,U-0770,"INDIAN INSTITUTE OF INFORMATION TECHNOLOGY, SENAPATI",Manipur,Central Government
257,U-0337,"Manipur University, Imphal",Manipur,Central Government
258,U-0613,National Institute of Technology Manipur,Manipur,Central Government
259,U-1026,NATIONAL SPORTS UNIVERSITY,Manipur,Central Government
260,C-9435,Regional Institute of Medical Sciences,Manipur,Central Government
261,C-26832,"College of Post Graduate Studies, Umiam",Meghalaya,Central Government
262,U-1011,Indian Institute of Management Shillong,Meghalaya,Central Government
263,S-17784,INSTITUTE OF HOTEL MANAGEMENT,Meghalaya,Central Government
264,C-47481,"NATIONAL INSTITUTE OF FASHION TECHNOLOGY, SHILLONG",Meghalaya,Central Government
265,U-0619,National Institute of Technology Meghalaya,Meghalaya,Central Government
266,C-65041,NORTH EAST REGIONAL INSTITUTE OF EDUCATION,Meghalaya,Central Government
267,U-0341,"North Eastern Hill University, Shillong",Meghalaya,Central Government
268,S-16707,North Eastern Institute of Ayurveda and Homoeopathy,Meghalaya,Central Government
269,U-0345,"Mizoram University, Aizwal",Mizoram,Central Government
270,U-0617,National Institute of Technology Mizoram,Mizoram,Central Government
271,C-8308,Pachhunga University College,Mizoram,Central Government
272,C-8298,Regional Institute of Paramedical and Nursing Sciences,Mizoram,Central Government
273,U-0347,Nagaland University,Nagaland,Central Government
274,U-0618,National Institute of Technology Nagaland,Nagaland,Central Government
275,U-0688,All India Institute of Medical Sciences Bhubaneswar,Odisha,Central Government
276,C-39370,"Army A.D. College, Gopalpur",Odisha,Central Government
277,U-0352,"Central University of Orissa, Koraput",Odisha,Central Government
278,S-21028,ESTUARINE BIOLOGY REGIONAL CENTRE ZOOLOGICAL SURVEY OF INDIA,Odisha,Central Government
279,U-1002,Indian Institute of Management Sambalpur,Odisha,Central Government
280,U-0828,"Indian Institute of Science Education & Research (IISER), Berhampur",Odisha,Central Government
281,U-0355,"Indian Institute of Technology, Bhubaneshwar",Odisha,Central Government
282,C-39258,"Institute of Physics (IOP),Bhubaneswar",Odisha,Central Government
283,C-47469,"NATIONAL INSTITUTE OF FASHION TECHNOLOGY, BHUBANESWAR",Odisha,Central Government
284,C-45304,NATIONAL INSTITUTE OF SCIENCE EDUCATION AND RESEARCH,Odisha,Central Government
285,U-0357,National Institute of Technology Rourkela,Odisha,Central Government
286,U-0368,Jawaharlal Institute of Post Graduate Medical Education and Research,Puducherry,Central Government
287,U-0621,National Institute of Technology Puducherry,Puducherry,Central Government
288,U-0369,"Pondicherry Univeristy, Puducherry",Puducherry,Central Government
289,C-6559,Vector Control Research Centre (I.C.M.R.),Puducherry,Central Government
290,U-1114,ALL INDIA INSTITUTE OF MEDICAL SCIENCE,Punjab,Central Government
291,S-14536,"CENTRAL INSTITUTE OF PLASTICS ENGINEERING & TECHNOLOGY (CIPET), AMRITSAR",Punjab,Central Government
292,S-2421,"CENTRAL TOOL ROOM, LUDHIANA",Punjab,Central Government
293,U-0372,"Central University of Punjab, Bathhinda",Punjab,Central Government
294,C-27840,"Centre for Development of Advanced Computing (C-DAC), Mohali",Punjab,Central Government
295,U-0374,"Dr. B. R. Ambedkar National Institute of Technology, Jalandhar",Punjab,Central Government
296,C-69465,HOMI BHABHA CANCER HOSPITAL,Punjab,Central Government
297,U-1001,Indian Institute of Management Amritsar,Punjab,Central Government
298,U-0377,Indian Institute of Science Education and Research Mohali,Punjab,Central Government
299,U-0378,Indian Institute of Technology Ropar,Punjab,Central Government
300,C-22239,"N.I.S., Patiala",Punjab,Central Government
301,C-70709,"NATIONAL  INSTITUTE OF ELECTRONICS AND INFORMATION TECHNOLOGY,NIELIT",Punjab,Central Government
302,U-0380,National Institute of Pharmaceutical Education and Research Mohali,Punjab,Central Government
303,C-29157,"Netaji Subhas Institute of Sports, Moti Bagh, Patiala",Punjab,Central Government
304,U-0384,"Sant Longowal Institute of Engg. & Tech., Longowal",Punjab,Central Government
305,U-0689,All India Institute of Medical Sciences Jodhpur,Rajasthan,Central Government
306,U-0392,"Central University of Rajasthan, Jaipur",Rajasthan,Central Government
307,U-0799,"INDIAN INSTITUTE OF INFORMATION TECHNOLOGY, KOTA",Rajasthan,Central Government
308,U-1010,Indian Institute of Management Udaipur,Rajasthan,Central Government
309,U-0395,Indian Institute of Technology Jodhpur,Rajasthan,Central Government
310,U-0410,Malaviya National Institute of Technology,Rajasthan,Central Government
311,C-26217,"National Institute of Ayurveda, Jaipur",Rajasthan,Central Government
312,C-47473,"NATIONAL INSTITUTE OF FASHION TECHNOLOGY, JODHPUR",Rajasthan,Central Government
313,U-0614,National Institute of Technology Sikkim,Sikkim,Central Government
314,U-0430,"Sikkim  University, Gangtok",Sikkim,Central Government
315,U-1304,ALL INDIA INSTITUTE OF MEDICAL SCIENCES MADURAI,Tamil Nadu,Central Government
316,C-26800,"Central Electro-Chemical Research Institute, Karaikudi",Tamil Nadu,Central Government
317,S-15035,"Central Institute of Petrochemicals Engineering & Technology (CIPET), Madurai",Tamil Nadu,Central Government
318,U-0449,"Central University of Tamil Nadu, Tiruvarur",Tamil Nadu,Central Government
319,U-0452,Dakshina Bharat Hindi Prachar Sabha,Tamil Nadu,Central Government
320,C-45507,"ESI MEDICAL COLLEGE & ESI-PGIMSR (Inst. Code - 495), CHENNAI",Tamil Nadu,Central Government
321,C-58886,FOOTWEAR DESIGN AND DEVELOPMENT INSTITUTE,Tamil Nadu,Central Government
322,C-56312,"INDIAN INSTITUTE OF HANDLOOM TECHNOLOGY, SALEM",Tamil Nadu,Central Government
323,U-0455,"Indian Institute of Information Technology, Design & Manufacturing, Kancheepuram",Tamil Nadu,Central Government
324,U-0754,"INDIAN INSTITUTE OF INFORMATION TECHNOLOGY, SRIRANGAM",Tamil Nadu,Central Government
325,U-1000,Indian Institute of Management Tiruchirappalli,Tamil Nadu,Central Government
326,U-0456,Indian Institute of Technology Madras,Tamil Nadu,Central Government
327,U-0457,Indian Maritime University,Tamil Nadu,Central Government
328,C-61184,"INDIAN MARITIME UNIVERSITY, CHENNAI",Tamil Nadu,Central Government
329,C-39255,"Indira Gandhi Centre for Atomic Research (IGCAR), Kalpakkam",Tamil Nadu,Central Government
330,S-15827,"INSTITUTE OF HOTEL MANAGEMENT CATERING TECHNOLOGY AND APPLIED NUTRITION, TARAMANI, CHENNAI",Tamil Nadu,Central Government
331,C-43991,NATESAN INSTITUTE OF CO-OPERATIVE MANAGEMENT,Tamil Nadu,Central Government
332,C-14544,National Institute for Empowerment of Persons with Multiple Disabilities (NIEPMD),Tamil Nadu,Central Government
333,C-45448,"NATIONAL INSTITUTE OF  SIDDHA (Inst. Code - 183), TAMBARAM SANITORIUM, CHENNAI",Tamil Nadu,Central Government
334,C-47470,"NATIONAL INSTITUTE OF FASHION TECHNOLOGY, CHENNAI",Tamil Nadu,Central Government
335,U-1317,"National Institute of Food Technology, Entrepreneurship and Management",Tamil Nadu,Central Government
336,U-1331,"NATIONAL INSTITUTE OF TECHNICAL TEACHERS TRAINING AND RESEARCH, CHENNAI",Tamil Nadu,Central Government
337,U-0467,National Institute of Technology Tiruchirappalli,Tamil Nadu,Central Government
338,U-0472,"Rajiv Gandhi National Instiute of Youth Development, Sriperumbudur",Tamil Nadu,Central Government
339,C-67493,SARDAR VALLABHAI PATEL INTERNATIONAL SCHOOL OF TEXTILE AND  MANAGEMENT,Tamil Nadu,Central Government
340,C-39252,"The Institute of Mathematical Sciences (IMSc),chennai",Tamil Nadu,Central Government
341,S-8953,"THE KALAKSHETRA FOUNDATION, CHENNAI",Tamil Nadu,Central Government
342,U-1108,ALL INDIA INSTITUTE OF MEDICAL SCIENCE  BIBINAGAR,Telangana,Central Government
343,C-25541,Central Research Institute of Unani Medicine,Telangana,Central Government
344,C-58477,ESIC Medical College,Telangana,Central Government
345,C-58651,Footwear Design and Development Institute - Hyderabad,Telangana,Central Government
346,U-0013,Indian Institute of Technology Hyderabad,Telangana,Central Government
347,U-0023,"Maulana Azad National Urdu University, Hyderabad",Telangana,Central Government
348,C-60113,MILITARYCOLLEGE OF ELECTRONICS AND MECHANICAL ENGINEERING,Telangana,Central Government
349,S-25,NATIONAL ACADEMY OF AGRICULTURE RESEARCH MANAGEMENT,Telangana,Central Government
350,C-25709,National Institute for the Mentally Handicapped,Telangana,Central Government
351,S-14553,National Institute of Agricultural Extension Management,Telangana,Central Government
352,U-1118,National Institute of Pharmaceutical Education and Research Hyderabad,Telangana,Central Government
353,U-0025,National Institute of Technology Warangal,Telangana,Central Government
354,C-26044,Railway Degree College,Telangana,Central Government
355,U-0041,"The English and Foreign Languages University, Hyderabad",Telangana,Central Government
356,U-0042,University of Hyderabad,Telangana,Central Government
357,C-50817,DIU COLLEGE,The Dadra and Nagar Haveli and Daman and Diu,Central Government
358,C-47929,DR B B A GOVERNMENT POLYTECHNIC,The Dadra and Nagar Haveli and Daman and Diu,Central Government
359,C-59611,"GOVERNMENT COLLEGE OF NURSING, DAMAN",The Dadra and Nagar Haveli and Daman and Diu,Central Government
360,C-60284,GOVERNMENT ENGINEERING COLLEGE DAMAN,The Dadra and Nagar Haveli and Daman and Diu,Central Government
361,C-52604,"GOVERNMENT POLYTECHNIC, DIU",The Dadra and Nagar Haveli and Daman and Diu,Central Government
362,C-63929,INDIAN INSTITUTE OF INFORMATION TECHNOLOGY VADODARA INTERNATIONAL CAMPUS DIU,The Dadra and Nagar Haveli and Daman and Diu,Central Government
363,C-48563,"Shri Vinoba Bhave College of Nursing, Silvassa",The Dadra and Nagar Haveli and Daman and Diu,Central Government
364,C-65956,SHRI VINOBA BHAVE INSTITUTE OF MEDICAL SCIENCE AND RESEARCH,The Dadra and Nagar Haveli and Daman and Diu,Central Government
365,S-19405,CENTRAL INSTITUTE OF PETROCHEMICALS ENGINEERING AND TECHNOLOGY (CIPET)  AGARTALA,Tripura,Central Government
366,U-1158,Indian Institute of Information Technology Agartala,Tripura,Central Government
367,C-70716,"National Forensic Sciences University, Tripura",Tripura,Central Government
368,C-47426,"NATIONAL INSTITUTE OF ELECTRONICS AND INFORMATION TECHNOLOGY, AGARTALA",Tripura,Central Government
369,U-0493,National Institute of Technology Agartala,Tripura,Central Government
370,S-18150,NATIONAL SCHOOL OF DRAMA (THEATRE-IN-EDUCATION WING),Tripura,Central Government
371,U-0495,"Tripura University, Agartala",Tripura,Central Government
372,U-0713,Academy of Scientific and Innovative Research,Uttar Pradesh,Central Government
373,U-0496,Aligarh Muslim University,Uttar Pradesh,Central Government
374,U-1180,ALL INDIA INSTITUTE OF MEDICAL SCIENCE GORAKHPUR,Uttar Pradesh,Central Government
375,U-1092,"ALL INDIA INSTITUTE OF MEDICAL SCIENCES (AIIMS), RAEBARELI",Uttar Pradesh,Central Government
376,U-0498,Babasaheb Bhimrao Ambedkar University,Uttar Pradesh,Central Government
377,U-0500,Banaras Hindu University,Uttar Pradesh,Central Government
378,C-32889,"C - DAC, NOIDA",Uttar Pradesh,Central Government
379,U-0503,"Central Institute of Higher Tibetan Studies, Varanasi",Uttar Pradesh,Central Government
380,U-0898,Footwear Design and Development Institute,Uttar Pradesh,Central Government
381,C-58652,FOOTWEAR DESIGN AND DEVELOPMENT INSTITUTE - RAE BARELI,Uttar Pradesh,Central Government
382,C-12510,"I.G.R.U. ACADEMY, FURSATGANJ AIRFIELD,",Uttar Pradesh,Central Government
383,C-46732,"INDIAN INSTITUTE OF CARPET TECHNOLOGY, BHADOHI",Uttar Pradesh,Central Government
384,S-14554,"INDIAN INSTITUTE OF HANDLOOM TECHNOLOGY, VARANASI",Uttar Pradesh,Central Government
385,U-0516,Indian Institute of Information Technology Allahabad,Uttar Pradesh,Central Government
386,U-0801,"INDIAN INSTITUTE OF INFORMATION TECHNOLOGY, LUCKNOW",Uttar Pradesh,Central Government
387,U-1008,Indian Institute of Management Lucknow,Uttar Pradesh,Central Government
388,U-0701,Indian Institute of Technology (Banaras Hindu University) Varanasi,Uttar Pradesh,Central Government
389,U-0517,Indian Institute of Technology Kanpur,Uttar Pradesh,Central Government
390,U-0518,"Indian Veterinary Research Institute, Izatnagar",Uttar Pradesh,Central Government
391,U-0530,"Motilal Nehru National Institute of Technology, Allahabad",Uttar Pradesh,Central Government
392,S-17656,National Institute of Pharmaceutical Education and Research Raebareli,Uttar Pradesh,Central Government
393,S-8962,"NATIONAL SUGER INSTITUTE, KANPUR",Uttar Pradesh,Central Government
394,U-0535,Rajiv Gandhi Institute of Petroleum Technology,Uttar Pradesh,Central Government
395,U-1117,RAJIV GANDHI NATIONAL AVIATION UNIVERSITY,Uttar Pradesh,Central Government
396,U-1198,Rani Lakshmi Bai Central Agricultural University,Uttar Pradesh,Central Government
397,U-0548,"University of Allahabad, Allahabad",Uttar Pradesh,Central Government
398,U-0691,All India Institute of Medical Sciences Rishikesh,Uttarakhand,Central Government
399,U-0553,"Forest Research Institute, Dehradun",Uttarakhand,Central Government
400,U-0557,"Hemwati Nandan Bahuguna Garhwal Univeristy, Srinagar, Garhwal",Uttarakhand,Central Government
401,U-1009,Indian Institute of Management Kashipur,Uttarakhand,Central Government
402,U-0560,Indian Institute of Technology Roorkee,Uttarakhand,Central Government
403,U-0616,National Institute of Technology Uttarakhand,Uttarakhand,Central Government
404,C-16448,Ali Yabar Jung National Institute of Hearing Handicapped,West Bengal,Central Government
405,C-16390,All India Institute of Hygiene and Public Health,West Bengal,Central Government
406,U-1052,ALL INDIA INSTITUTE OF MEDICAL SCIENCE KALYANI,West Bengal,Central Government
407,C-16396,Central Research Institute of Ayurveda,West Bengal,Central Government
408,C-44043,Central Sericultural Research & Training Institute,West Bengal,Central Government
409,S-10893,CENTRAL TOOL ROOM & TRAINING CENTRE NORTH 24 PARGANAS,West Bengal,Central Government
410,C-16410,Chittaranjan National Cancer Institute,West Bengal,Central Government
411,C-16434,"College of Nursing, Command Hospital",West Bengal,Central Government
412,C-16409,Command Hospital,West Bengal,Central Government
413,C-16426,"E S I, Joka",West Bengal,Central Government
414,U-1049,INDIAN ASSOCIATION FOR THE CULTIVATION OF SCIENCE,West Bengal,Central Government
415,U-0584,"INDIAN INSTITUTE OF ENGINEERING SCIENCE AND TECHNOLOGY, SHIBPUR",West Bengal,Central Government
416,S-15353,INDIAN INSTITUTE OF HANDLOOM TECHNOLOGY,West Bengal,Central Government
417,U-0796,"INDIAN INSTITUTE OF INFORMATION TECHNOLOGY, KALYANI",West Bengal,Central Government
418,U-1019,Indian Institute of Management Calcutta,West Bengal,Central Government
419,U-0572,Indian Institute of Science Education and Research Kolkata,West Bengal,Central Government
420,U-0573,Indian Institute of Technology Kharagpur,West Bengal,Central Government
421,U-0574,"Indian Statistical Institute, Kolkata",West Bengal,Central Government
422,C-43354,National Institute for Mentally Handicapped,West Bengal,Central Government
423,C-16392,National Institute of Homoeopathy,West Bengal,Central Government
424,S-19746,National Institute of Pharmaceutical Education and Research Kolkata,West Bengal,Central Government
425,U-1330,National Institute of Technical Teachers Training and Research Kolkata,West Bengal,Central Government
426,U-0577,National Institute of Technology Durgapur,West Bengal,Central Government
427,C-39254,"Saha Institute of Nuclear Physics (SINP),Kolkata",West Bengal,Central Government
428,C-39251,"Variable Energy Cyclotron Centre (VECC),Kolkata",West Bengal,Central Government
429,U-0589,"Visva Bharati, Shantiniketan",West Bengal,Central Government
